{"errorMessage":{"status":200,"code":"INFO-000","message":"정상 처리되었습니다.","link":"","developerMessage":"","total":6},
  "realtimeArrivalList":[
    {"beginRow":null,"endRow":null,"curPage":null,"pageRow":null,"totalCount":6,"rowNum":1,"selectedCount":5,"subwayId":"1004","subwayNm":null,"updnLine":"상행","trainLineNm":"당고개행 - 신길온천방면","subwayHeading":null,"statnFid":"1004000456","statnTid":"1004000454","statnId":"1004000455","statnNm":"정왕","trainCo":null,"trnsitCo":"1","ordkey":"01001당고개0","subwayList":"1004","statnList":"1004000455","btrainSttus":"일반","barvlDt":"0","btrainNo":"4648","bstatnId":"0","bstatnNm":"당고개","recptnDt":"2024-01-21 18:40:55","arvlMsg2":"전역 도착","arvlMsg3":"오이도","arvlCd":"5"},
    {"beginRow":null,"endRow":null,"curPage":null,"pageRow":null,"totalCount":6,"rowNum":2,"selectedCount":5,"subwayId":"1075","subwayNm":null,"updnLine":"상행","trainLineNm":"왕십리행 - 신길온천방면","subwayHeading":null,"statnFid":"1075075258","statnTid":"1075075256","statnId":"1075075257","statnNm":"정왕","trainCo":null,"trnsitCo":"1","ordkey":"01010왕십리0","subwayList":"1004,1075","statnList":"1075075257","btrainSttus":"일반","barvlDt":"0","btrainNo":"6556","bstatnId":"165","bstatnNm":"왕십리","recptnDt":"2024-01-21 18:39:52","arvlMsg2":"[10]번째 전역 (송도)","arvlMsg3":"송도","arvlCd":"99"},
    {"beginRow":null,"endRow":null,"curPage":null,"pageRow":null,"totalCount":6,"rowNum":3,"selectedCount":5,"subwayId":"1004","subwayNm":null,"updnLine":"하행","trainLineNm":"오이도행 - 오이도방면","subwayHeading":null,"statnFid":"1004000454","statnTid":"1004000456","statnId":"1004000455","statnNm":"정왕","trainCo":null,"trnsitCo":"1","ordkey":"11000오이도0","subwayList":"1004","statnList":"1004000455","btrainSttus":"일반","barvlDt":"0","btrainNo":"4625","bstatnId":"53","bstatnNm":"오이도","recptnDt":"2024-01-21 18:40:31","arvlMsg2":"정왕 도착","arvlMsg3":"정왕","arvlCd":"1"},
    {"beginRow":null,"endRow":null,"curPage":null,"pageRow":null,"totalCount":6,"rowNum":4,"selectedCount":5,"subwayId":"1075","subwayNm":null,"updnLine":"하행","trainLineNm":"오이도행 - 오이도방면","subwayHeading":null,"statnFid":"1075075256","statnTid":"1075075258","statnId":"1075075257","statnNm":"정왕","trainCo":null,"trnsitCo":"1","ordkey":"11000오이도0","subwayList":"1004,1075","statnList":"1075075257","btrainSttus":"일반","barvlDt":"0","btrainNo":"4625","bstatnId":"53","bstatnNm":"오이도","recptnDt":"2024-01-21 18:40:31","arvlMsg2":"정왕 도착","arvlMsg3":"정왕","arvlCd":"1"},
    {"beginRow":null,"endRow":null,"curPage":null,"pageRow":null,"totalCount":6,"rowNum":5,"selectedCount":5,"subwayId":"1075","subwayNm":null,"updnLine":"하행","trainLineNm":"인천행 - 오이도방면","subwayHeading":null,"statnFid":"1075075256","statnTid":"1075075258","statnId":"1075075257","statnNm":"정왕","trainCo":null,"trnsitCo":"1","ordkey":"12006인천0","subwayList":"1004,1075","statnList":"1075075257","btrainSttus":"일반","barvlDt":"0","btrainNo":"6551","bstatnId":"53","bstatnNm":"인천","recptnDt":"2024-01-21 18:40:31","arvlMsg2":"[6]번째 전역 (한대앞)","arvlMsg3":"한대앞","arvlCd":"99"}
  ]
}